{"cameraMode":{"drawMode":0,"name":"Shaded","section":"Shading Mode"},"sceneLighting":false,"audioPlay":false,"sceneViewState":{"showFog":true,"showMaterialUpdate":false,"showSkybox":false,"showFlares":true,"showImageEffects":true,"showParticleSystems":true},"in2DMode":false,"pivot":{"x":0.0,"y":1.831558108329773,"z":0.43370920419692995},"rotation":{"x":0.2915022671222687,"y":0.008604573085904122,"z":-0.002622040221467614,"w":0.9565279483795166},"size":9.552160263061524,"orthographic":false}