{"cameraMode":{"drawMode":0,"name":"Shaded","section":"Shading Mode"},"sceneLighting":false,"audioPlay":false,"sceneViewState":{"showFog":true,"showMaterialUpdate":false,"showSkybox":false,"showFlares":true,"showImageEffects":true,"showParticleSystems":true},"in2DMode":false,"pivot":{"x":26.238157272338868,"y":-1.1904690265655518,"z":6.714698314666748},"rotation":{"x":0.044142477214336398,"y":0.5930877923965454,"z":-0.032592371106147769,"w":0.8032658696174622},"size":20.997900009155275,"orthographic":false}