{"cameraMode":{"drawMode":0,"name":"Shaded","section":"Shading Mode"},"sceneLighting":false,"audioPlay":false,"sceneViewState":{"showFog":true,"showMaterialUpdate":false,"showSkybox":false,"showFlares":true,"showImageEffects":true,"showParticleSystems":true},"in2DMode":false,"pivot":{"x":-0.21768534183502198,"y":-0.19774258136749268,"z":4.187647819519043},"rotation":{"x":-0.19539089500904084,"y":-0.5205621719360352,"z":0.1237550675868988,"w":-0.8219015598297119},"size":1.7877998352050782,"orthographic":false}